{"stats":{"minecraft:used":{"minecraft:wooden_sword":18,"minecraft:chest":5},"minecraft:killed_by":{"minecraft:zombie":1},"minecraft:custom":{"minecraft:open_chest":2,"minecraft:time_since_rest":6420,"enigmaticlegacy:play_time_with_seven_curses":0,"minecraft:crouch_one_cm":441,"minecraft:sprint_one_cm":2052,"minecraft:play_time":11159,"minecraft:walk_one_cm":15673,"minecraft:damage_taken":410,"minecraft:deaths":1,"minecraft:sneak_time":240,"minecraft:mob_kills":4,"minecraft:jump":43,"minecraft:damage_dealt":626,"minecraft:leave_game":2,"minecraft:time_since_death":6386,"enigmaticlegacy:play_time_without_seven_curses":11125,"minecraft:total_world_time":11159,"minecraft:fall_one_cm":404,"minecraft:fly_one_cm":1294},"minecraft:killed":{"minecraft:sheep":1,"minecraft:spider":1,"minecraft:zombie":2},"minecraft:picked_up":{"minecraft:mutton":2,"minecraft:white_wool":1}},"DataVersion":3120}