{"stats":{"minecraft:used":{"minecraft:wooden_sword":48,"minecraft:flint_and_steel":1,"minecraft:chest":5,"minecraft:splash_potion":4,"minecraft:obsidian":16},"minecraft:killed_by":{"minecraft:zombie":1},"minecraft:custom":{"minecraft:time_since_rest":15763,"minecraft:open_chest":2,"enigmaticlegacy:play_time_with_seven_curses":0,"minecraft:crouch_one_cm":467,"minecraft:sprint_one_cm":8949,"minecraft:play_time":20502,"minecraft:damage_taken":410,"minecraft:deaths":1,"minecraft:walk_one_cm":20127,"minecraft:sneak_time":646,"minecraft:walk_under_water_one_cm":43050,"minecraft:mob_kills":7,"minecraft:jump":85,"minecraft:damage_dealt":1711,"minecraft:leave_game":2,"minecraft:walk_on_water_one_cm":818,"minecraft:time_since_death":15729,"enigmaticlegacy:play_time_without_seven_curses":20468,"minecraft:total_world_time":20502,"minecraft:fall_one_cm":404,"minecraft:fly_one_cm":100229},"minecraft:killed":{"minecraft:sheep":1,"cataclysm:deepling_angler":1,"minecraft:spider":1,"cataclysm:lionfish":1,"minecraft:zombie":2,"born_in_chaos_v1:zombie_lumberjack":1},"minecraft:picked_up":{"minecraft:rotten_flesh":2,"minecraft:big_dripleaf":2,"minecraft:iron_ingot":1,"minecraft:spruce_log":1,"minecraft:mutton":2,"minecraft:white_wool":1}},"DataVersion":3120}